{
  "domainCenters": {
    "health": 0.3404274438410595,
    "family": 0.29551001939497534,
    "wealth": 0.1814445531104557,
    "career": 0.1814445531104557,
    "social": 0.0041835643278212075,
    "romance": 0.16930673088414006
  },
  "robustScales": {
    "health": 0.4102525606057236,
    "family": 0.33435675325938347,
    "wealth": 0.40865573803174493,
    "career": 0.4376379803259447,
    "social": 0.48662468233861694,
    "romance": 0.41155212923509893
  },
  "activationScales": {
    "health": 7.609818960387167,
    "family": 8.085432645411366,
    "wealth": 7.843768809875197,
    "career": 6.658591590338771,
    "social": 7.263918098551387,
    "romance": 7.263918098551387
  }
}
