{
  "profileId": "annual-axes-v0.4",
  "school": "nam-phai",
  "chartCount": 100,
  "yearsPerChart": 12,
  "resultCount": 1200,
  "scoreSummaryByDomain": {
    "health": {
      "min": 46.3,
      "max": 58.1,
      "mean": 52.43999999999995,
      "median": 52.4,
      "p10": 49.78999999999999,
      "p90": 55.2,
      "standardDeviation": 2.112080507475598
    },
    "family": {
      "min": 47.9,
      "max": 58.5,
      "mean": 53.75966666666663,
      "median": 53.849999999999994,
      "p10": 50.9,
      "p90": 56.3,
      "standardDeviation": 1.980039651052134
    },
    "wealth": {
      "min": 47.4,
      "max": 60.2,
      "mean": 52.02791666666665,
      "median": 51.6,
      "p10": 49.7,
      "p90": 55,
      "standardDeviation": 2.0572933771719004
    },
    "career": {
      "min": 46,
      "max": 58.6,
      "mean": 51.80716666666668,
      "median": 51.9,
      "p10": 49,
      "p90": 54.5,
      "standardDeviation": 2.04041696475187
    },
    "social": {
      "min": 46.7,
      "max": 57.2,
      "mean": 52.278333333333336,
      "median": 52.5,
      "p10": 49.7,
      "p90": 54.6,
      "standardDeviation": 1.8195025089399883
    },
    "romance": {
      "min": 44.8,
      "max": 58.2,
      "mean": 49.988083333333314,
      "median": 49.5,
      "p10": 46.9,
      "p90": 53.9,
      "standardDeviation": 2.682414170333613
    }
  },
  "allSixAbove50Rate": 0.3275,
  "allSixAbove60Rate": 0,
  "exactDuplicateVectorRate": 0.043333333333333335,
  "intraYearAxisSpread": {
    "meanStandardDeviation": 2.0158511322769757,
    "medianRange": 5.200000000000003,
    "p10Range": 3.200000000000002
  },
  "longitudinalChange": {
    "medianPerDomainTwelveYearRange": {
      "health": 3.799999999999997,
      "family": 3.8999999999999986,
      "wealth": 3.150000000000002,
      "career": 3.6000000000000014,
      "social": 3.3999999999999986,
      "romance": 2.8999999999999986
    },
    "medianAdjacentYearAbsoluteDelta": {
      "health": 1,
      "family": 1.2000000000000028,
      "wealth": 0.7999999999999972,
      "career": 0.8999999999999986,
      "social": 1,
      "romance": 0.7999999999999972
    },
    "annualHeadMoveSensitivityRate": 0.9890909090909091
  },
  "interAxisCorrelation": {
    "health|family": 0.45562723411890915,
    "health|wealth": 0.29051464043211106,
    "health|career": 0.15877431604619247,
    "health|social": 0.3248597990702573,
    "health|romance": -0.006250345816852255,
    "family|wealth": 0.2801245264275231,
    "family|career": 0.11939438424587362,
    "family|social": 0.5338873203013148,
    "family|romance": 0.48735866267198386,
    "wealth|career": 0.5912714416278265,
    "wealth|social": 0.2692030942119914,
    "wealth|romance": 0.4301419905789692,
    "career|social": 0.44176727305666325,
    "career|romance": 0.5467667617722689,
    "social|romance": 0.4637323416255645
  },
  "crossChartSimilarity": {
    "medianNearestNeighborDistance": 0.7141428428542853,
    "nearDuplicateVectorRate": 0.95
  },
  "unavailableRate": 0,
  "partialRate": 0,
  "affinityCoverage": {
    "meanNumericEvidenceCountPerDomainYear": 16.25,
    "medianContextOnlyCountPerDomainYear": 93
  }
}
