{
  "schemaVersion": "0.8.0",
  "profileId": "annual-axis-calibration-nam-phai-v0-8",
  "engineVersion": "0.8.0",
  "formulaVersion": "v0.8-direct-anchor-robust-score",
  "trainingCorpusId": "annual-axes-audit-full-v0.4",
  "splitPolicy": {
    "trainingFraction": 0.8,
    "holdoutFraction": 0.2,
    "splitBy": "stable-chart-id"
  },
  "activationTargetMedianGate": 0.7,
  "domainCenters": {
    "health": 0.3404274438410595,
    "family": 0.29551001939497534,
    "wealth": 0.1814445531104557,
    "career": 0.1814445531104557,
    "social": 0.0041835643278212075,
    "romance": 0.16930673088414006
  },
  "robustScales": {
    "health": 0.4102525606057236,
    "family": 0.33435675325938347,
    "wealth": 0.40865573803174493,
    "career": 0.4376379803259447,
    "social": 0.48662468233861694,
    "romance": 0.41155212923509893
  },
  "activationScales": {
    "health": 7.609818960387167,
    "family": 8.085432645411366,
    "wealth": 7.843768809875197,
    "career": 6.658591590338771,
    "social": 7.263918098551387,
    "romance": 7.263918098551387
  },
  "madScales": {
    "health": 0.38435026991039406,
    "family": 0.31913584794724786,
    "wealth": 0.40865573803174493,
    "career": 0.4376379803259447,
    "social": 0.4764515486854682,
    "romance": 0.3896188321550555
  },
  "iqrScales": {
    "health": 0.4102525606057236,
    "family": 0.33435675325938347,
    "wealth": 0.40298968989149087,
    "career": 0.4176143701278332,
    "social": 0.48662468233861694,
    "romance": 0.41155212923509893
  },
  "medianPositiveAnnualActivationRaw": {
    "health": 6.6000000000000005,
    "family": 7.012500000000001,
    "wealth": 6.802904827914913,
    "career": 5.775,
    "social": 6.300000000000001,
    "romance": 6.300000000000001
  },
  "selectedVariant": "DIRECT-STRICT-18",
  "selectionStatus": "approved",
  "generatedAt": "2026-07-22T00:00:00.000Z",
  "sourceIds": [
    "SRC-AA-ENG-004"
  ]
}
